<?xml version="1.0" encoding="UTF-8"?>
<project-private xmlns="http://www.netbeans.org/ns/project-private/1">
    <editor-bookmarks xmlns="http://www.netbeans.org/ns/editor-bookmarks/2" lastBookmarkId="0"/>
    <open-files xmlns="http://www.netbeans.org/ns/projectui-open-files/2">
        <group>
            <file>file:/C:/Users/Comp69/Documents/SPTV17JSWebLibrary/web/css/main.css</file>
            <file>file:/C:/Users/Comp69/Documents/SPTV17JSWebLibrary/web/js/UserModule.js</file>
            <file>file:/C:/Users/Comp69/Documents/SPTV17JSWebLibrary/web/WEB-INF/glassfish-web.xml</file>
            <file>file:/C:/Users/Comp69/Documents/SPTV17JSWebLibrary/web/proba.html</file>
            <file>file:/C:/Users/Comp69/Documents/SPTV17JSWebLibrary/web/index.html</file>
            <file>file:/C:/Users/Comp69/Documents/SPTV17JSWebLibrary/web/WEB-INF/glassfish-resources.xml</file>
        </group>
    </open-files>
</project-private>
